text,label
"The Client shall indemnify and hold harmless the Vendor from any and all claims, damages, losses, and expenses, including attorney fees, arising out of or resulting from the Client's use of the services, with no upper limit on the amount recoverable by the Vendor.",Risky
"This agreement shall automatically renew for successive one-year terms unless either party provides written notice of non-renewal at least 60 days prior to the end of the then-current term.",Review
"Either party may terminate this agreement with 30 days written notice.",Safe
"The Vendor's total liability for any claims under this agreement shall be capped at the total amount paid by the Client in the twelve months preceding the claim.",Safe
"The Client agrees to pay all invoices within 15 days of receipt. Late payments will incur a penalty of 10% per day, compounded daily.",Risky
"Vendor may terminate this Agreement immediately and without notice if Client fails to make any payment when due.",Risky
"This agreement is governed by the laws of the State of New York, and any disputes shall be resolved in the courts of New York County.",Safe
"Both parties agree to keep all shared information confidential for a period of three years following the termination of this agreement.",Safe
"The Company reserves the right to modify these terms at any time without prior notice to the User.",Risky
"User shall be responsible for all taxes and duties associated with the purchase of the services.",Safe
"This Agreement represents the entire understanding between the parties and supersedes all prior agreements.",Safe
"If any provision of this Agreement is found to be unenforceable, the remaining provisions shall continue in full force and effect.",Safe
"Neither party shall be liable for any delay or failure to perform due to causes beyond its reasonable control.",Safe
"The Contractor is an independent contractor and nothing in this Agreement shall be construed to create a partnership or employment relationship.",Safe
"Client shall not assign this Agreement without the prior written consent of the Vendor.",Safe
"The Vendor warrants that the services will be performed in a professional and workmanlike manner.",Safe
"Any notices required under this Agreement must be sent in writing via certified mail.",Safe
"Intellectual property created during the term of this agreement shall be owned by the Client upon full payment of fees.",Safe
"The parties agree to participate in non-binding mediation before filing any lawsuit.",Safe
"This agreement shall remain in effect for a period of two years from the effective date.",Safe
"Each party represents that it has the authority to enter into this agreement.",Safe
"The prevailing party in any legal action shall be entitled to recover reasonable attorney fees.",Safe
"Termination of this agreement shall not affect any rights or obligations that by their nature should survive termination.",Safe
"The Vendor may use the Client's name and logo in marketing materials with the Client's prior consent.",Safe
"The Agreement will automatically renew for subsequent periods of the same duration as the initial term unless notice is given 90 days before renewal.",Review
"The Client must provide 90 days notice to terminate this agreement, while the Vendor may terminate with 30 days notice.",Review
"Any dispute arising out of this agreement shall be settled by arbitration in a jurisdiction chosen solely by the Vendor at the time of the dispute.",Review
"The Vendor may increase prices by up to 15% annually upon providing 30 days notice to the Client.",Review
"Client is required to maintain a minimum insurance coverage of five million dollars for the duration of this agreement.",Review
"Vendor provides the software 'as is' without any warranty of any kind, express or implied.",Review
"All disputes must be brought in the courts of Singapore, regardless of where the Client is located.",Review
"The Client shall not hire any employees of the Vendor for a period of 24 months following the end of this agreement.",Review
"A late fee of $500 will be applied to any payment not received within 5 days of the due date.",Review
"The Client is responsible for the cost of any audits requested by the Vendor to verify compliance with this agreement.",Review
"Vendor may suspend services if it believes, in its sole discretion, that the Client has violated any term of this agreement.",Review
"The confidentiality obligations in this agreement shall survive for a period of 10 years.",Review
"The Vendor's liability for data breaches is limited to $1,000, regardless of the actual damages incurred by the Client.",Review
"Client agrees to provide the Vendor with a security deposit of $10,000 before the commencement of services.",Review
"Any modification to this agreement must be signed by both parties, but the Vendor may update its privacy policy unilaterally.",Review
"The Client grants the Vendor a non-exclusive, worldwide, royalty-free license to use any data uploaded to the service.",Review
"The Client must indemnify the Vendor against any third-party claims, even if those claims arise from the Vendor's own negligence.",Risky
"The Vendor may terminate this agreement at any time for any reason with 24 hours notice.",Risky
"The Client waives all rights to a jury trial and all rights to participate in any class action lawsuit against the Vendor.",Risky
"In the event of a breach, the Client shall be liable for liquidated damages in the amount of $100,000 per occurrence.",Risky
"The Vendor shall have the right to access and monitor the Client's systems at any time without notice.",Risky
"This agreement automatically renews indefinitely unless terminated by the Client at least 180 days before the renewal date.",Risky
"The Client is prohibited from disparaging the Vendor or its products in any public forum, even after the agreement ends.",Risky
"The Vendor's liability for any and all claims is entirely excluded to the maximum extent permitted by law.",Risky
"The Client must pay the full contract price even if the services are terminated early by the Vendor for convenience.",Risky
"Any intellectual property created by the Client using the Vendor's tools shall be the sole property of the Vendor.",Risky
"The Client shall be responsible for indemnifying the Vendor against any claims arising from the Vendor's use of the Client's data.",Risky
"Failure by the Client to provide notice of non-renewal exactly 120 days before the expiration date will result in an automatic 5-year renewal.",Risky
"The Vendor may assign this agreement and all its obligations to any third party without the Client's consent.",Risky
"The Client is required to use the Vendor as its exclusive provider for all related services for a period of 10 years.",Risky
"Any delay in payment exceeding 3 days shall be considered a material breach allowing for immediate termination and seizure of assets.",Risky
"The Client shall be liable for all of the Vendor's legal fees in any dispute, regardless of which party prevails.",Risky
"The Vendor makes no representation that the services will be available or error-free at any time.",Review
"The Client agrees to be bound by any future terms of service published on the Vendor's website.",Review
"The Vendor may subcontract any part of the services to third parties without informing the Client.",Review
"A penalty of 5% of the total contract value will be applied for every day the Client is late in providing necessary data.",Risky
"The Client must reimburse the Vendor for all travel and out-of-pocket expenses without any prior approval requirement.",Review
"All payments made under this agreement are strictly non-refundable under any circumstances.",Review
"The Vendor shall not be liable for any indirect, incidental, or consequential damages, even if advised of the possibility.",Safe
"The Client is responsible for ensuring its use of the services complies with all applicable local and international laws.",Safe
"This agreement may be executed in counterparts, each of which shall be deemed an original.",Safe
"The headings in this agreement are for convenience only and shall not affect the interpretation of the provisions.",Safe
"Neither party shall disclose the financial terms of this agreement to any third party without consent.",Safe
